{
	"variants": {
		"facing=east,half=bottom,shape=inner_left": [
			{"model": "minecraft:block/cherry_stairs_inner", "y": 270, "uvlock": true},
			{"model": "minecraft:block/cherry_stairs_inner1", "y": 270, "uvlock": true},
			{"model": "minecraft:block/cherry_stairs_inner2", "y": 270, "uvlock": true}
		],
		"facing=east,half=bottom,shape=inner_right": [
			{"model": "minecraft:block/cherry_stairs_inner"},
			{"model": "minecraft:block/cherry_stairs_inner1"},
			{"model": "minecraft:block/cherry_stairs_inner2"}
		],
		"facing=east,half=bottom,shape=outer_left": [
			{"model": "minecraft:block/cherry_stairs_outer", "y": 270, "uvlock": true},
			{"model": "minecraft:block/cherry_stairs_outer1", "y": 270, "uvlock": true},
			{"model": "minecraft:block/cherry_stairs_outer2", "y": 270, "uvlock": true}
		],
		"facing=east,half=bottom,shape=outer_right": [
			{"model": "minecraft:block/cherry_stairs_outer"},
			{"model": "minecraft:block/cherry_stairs_outer1"},
			{"model": "minecraft:block/cherry_stairs_outer2"}
		],
		"facing=east,half=bottom,shape=straight": [
			{"model": "minecraft:block/cherry_stairs"},
			{"model": "minecraft:block/cherry_stairs1"},
			{"model": "minecraft:block/cherry_stairs2"}
		],
		"facing=east,half=top,shape=inner_left": [
			{"model": "minecraft:block/cherry_stairs_inner", "x": 180, "uvlock": true},
			{"model": "minecraft:block/cherry_stairs_inner1", "x": 180, "uvlock": true},
			{"model": "minecraft:block/cherry_stairs_inner2", "x": 180, "uvlock": true}
		],
		"facing=east,half=top,shape=inner_right": [
			{"model": "minecraft:block/cherry_stairs_inner", "x": 180, "y": 90, "uvlock": true},
			{"model": "minecraft:block/cherry_stairs_inner1", "x": 180, "y": 90, "uvlock": true},
			{"model": "minecraft:block/cherry_stairs_inner2", "x": 180, "y": 90, "uvlock": true}
		],
		"facing=east,half=top,shape=outer_left": [
			{"model": "minecraft:block/cherry_stairs_outer", "x": 180, "uvlock": true},
			{"model": "minecraft:block/cherry_stairs_outer1", "x": 180, "uvlock": true},
			{"model": "minecraft:block/cherry_stairs_outer2", "x": 180, "uvlock": true}
		],
		"facing=east,half=top,shape=outer_right": [
			{"model": "minecraft:block/cherry_stairs_outer", "x": 180, "y": 90, "uvlock": true},
			{"model": "minecraft:block/cherry_stairs_outer1", "x": 180, "y": 90, "uvlock": true},
			{"model": "minecraft:block/cherry_stairs_outer2", "x": 180, "y": 90, "uvlock": true}
		],
		"facing=east,half=top,shape=straight": [
			{"model": "minecraft:block/cherry_stairs", "x": 180, "uvlock": true},
			{"model": "minecraft:block/cherry_stairs1", "x": 180, "uvlock": true},
			{"model": "minecraft:block/cherry_stairs2", "x": 180, "uvlock": true}
		],
		"facing=north,half=bottom,shape=inner_left": [
			{"model": "minecraft:block/cherry_stairs_inner", "y": 180, "uvlock": true},
			{"model": "minecraft:block/cherry_stairs_inner1", "y": 180, "uvlock": true},
			{"model": "minecraft:block/cherry_stairs_inner2", "y": 180, "uvlock": true}
		],
		"facing=north,half=bottom,shape=inner_right": [
			{"model": "minecraft:block/cherry_stairs_inner", "y": 270, "uvlock": true},	
			{"model": "minecraft:block/cherry_stairs_inner1", "y": 270, "uvlock": true},
			{"model": "minecraft:block/cherry_stairs_inner2", "y": 270, "uvlock": true}
		],
		"facing=north,half=bottom,shape=outer_left": [
			{"model": "minecraft:block/cherry_stairs_outer", "y": 180, "uvlock": true},
			{"model": "minecraft:block/cherry_stairs_outer1", "y": 180, "uvlock": true},
			{"model": "minecraft:block/cherry_stairs_outer2", "y": 180, "uvlock": true}
		],
		"facing=north,half=bottom,shape=outer_right": [
			{"model": "minecraft:block/cherry_stairs_outer", "y": 270, "uvlock": true},
			{"model": "minecraft:block/cherry_stairs_outer1", "y": 270, "uvlock": true},
			{"model": "minecraft:block/cherry_stairs_outer2", "y": 270, "uvlock": true}
		],
		"facing=north,half=bottom,shape=straight": [
			{"model": "minecraft:block/cherry_stairs", "y": 270, "uvlock": true},
			{"model": "minecraft:block/cherry_stairs1", "y": 270, "uvlock": true},
			{"model": "minecraft:block/cherry_stairs2", "y": 270, "uvlock": true}
		],
		"facing=north,half=top,shape=inner_left": [
			{"model": "minecraft:block/cherry_stairs_inner", "x": 180, "y": 270, "uvlock": true},
			{"model": "minecraft:block/cherry_stairs_inner1", "x": 180, "y": 270, "uvlock": true},
			{"model": "minecraft:block/cherry_stairs_inner2", "x": 180, "y": 270, "uvlock": true}
		],
		"facing=north,half=top,shape=inner_right": [
			{"model": "minecraft:block/cherry_stairs_inner", "x": 180, "uvlock": true},
			{"model": "minecraft:block/cherry_stairs_inner1", "x": 180, "uvlock": true},
			{"model": "minecraft:block/cherry_stairs_inner2", "x": 180, "uvlock": true}
		],
		"facing=north,half=top,shape=outer_left": [
			{"model": "minecraft:block/cherry_stairs_outer", "x": 180, "y": 270, "uvlock": true},
			{"model": "minecraft:block/cherry_stairs_outer1", "x": 180, "y": 270, "uvlock": true},
			{"model": "minecraft:block/cherry_stairs_outer2", "x": 180, "y": 270, "uvlock": true}
		],
		"facing=north,half=top,shape=outer_right": [
			{"model": "minecraft:block/cherry_stairs_outer", "x": 180, "uvlock": true},
			{"model": "minecraft:block/cherry_stairs_outer1", "x": 180, "uvlock": true},
			{"model": "minecraft:block/cherry_stairs_outer2", "x": 180, "uvlock": true}
		],
		"facing=north,half=top,shape=straight": [
			{"model": "minecraft:block/cherry_stairs", "x": 180, "y": 270, "uvlock": true},
			{"model": "minecraft:block/cherry_stairs1", "x": 180, "y": 270, "uvlock": true},
			{"model": "minecraft:block/cherry_stairs2", "x": 180, "y": 270, "uvlock": true}
		],
		"facing=south,half=bottom,shape=inner_left": [
			{"model": "minecraft:block/cherry_stairs_inner"},
			{"model": "minecraft:block/cherry_stairs_inner1"},
			{"model": "minecraft:block/cherry_stairs_inner2"}
		],
		"facing=south,half=bottom,shape=inner_right": [
			{"model": "minecraft:block/cherry_stairs_inner", "y": 90, "uvlock": true},
			{"model": "minecraft:block/cherry_stairs_inner1", "y": 90, "uvlock": true},
			{"model": "minecraft:block/cherry_stairs_inner2", "y": 90, "uvlock": true}
		],
		"facing=south,half=bottom,shape=outer_left": [
			{"model": "minecraft:block/cherry_stairs_outer"},
			{"model": "minecraft:block/cherry_stairs_outer1"},
			{"model": "minecraft:block/cherry_stairs_outer2"}
		],
		"facing=south,half=bottom,shape=outer_right": [
			{"model": "minecraft:block/cherry_stairs_outer", "y": 90, "uvlock": true},
			{"model": "minecraft:block/cherry_stairs_outer1", "y": 90, "uvlock": true},
			{"model": "minecraft:block/cherry_stairs_outer2", "y": 90, "uvlock": true}
		],
		"facing=south,half=bottom,shape=straight": [
			{"model": "minecraft:block/cherry_stairs", "y": 90, "uvlock": true},
			{"model": "minecraft:block/cherry_stairs1", "y": 90, "uvlock": true},
			{"model": "minecraft:block/cherry_stairs2", "y": 90, "uvlock": true}
		],
		"facing=south,half=top,shape=inner_left": [
			{"model": "minecraft:block/cherry_stairs_inner", "x": 180, "y": 90, "uvlock": true},
			{"model": "minecraft:block/cherry_stairs_inner1", "x": 180, "y": 90, "uvlock": true},
			{"model": "minecraft:block/cherry_stairs_inner2", "x": 180, "y": 90, "uvlock": true}
		],
		"facing=south,half=top,shape=inner_right": [
			{"model": "minecraft:block/cherry_stairs_inner", "x": 180, "y": 180, "uvlock": true},
			{"model": "minecraft:block/cherry_stairs_inner1", "x": 180, "y": 180, "uvlock": true},
			{"model": "minecraft:block/cherry_stairs_inner2", "x": 180, "y": 180, "uvlock": true}
		],
		"facing=south,half=top,shape=outer_left": [
			{"model": "minecraft:block/cherry_stairs_outer", "x": 180, "y": 90, "uvlock": true},
			{"model": "minecraft:block/cherry_stairs_outer1", "x": 180, "y": 90, "uvlock": true},
			{"model": "minecraft:block/cherry_stairs_outer2", "x": 180, "y": 90, "uvlock": true}
		],
		"facing=south,half=top,shape=outer_right": [
			{"model": "minecraft:block/cherry_stairs_outer", "x": 180, "y": 180, "uvlock": true},
			{"model": "minecraft:block/cherry_stairs_outer1", "x": 180, "y": 180, "uvlock": true},
			{"model": "minecraft:block/cherry_stairs_outer2", "x": 180, "y": 180, "uvlock": true}
		],
		"facing=south,half=top,shape=straight": [
			{"model": "minecraft:block/cherry_stairs", "x": 180, "y": 90, "uvlock": true},
			{"model": "minecraft:block/cherry_stairs1", "x": 180, "y": 90, "uvlock": true},
			{"model": "minecraft:block/cherry_stairs2", "x": 180, "y": 90, "uvlock": true}
		],
		"facing=west,half=bottom,shape=inner_left": [
			{"model": "minecraft:block/cherry_stairs_inner", "y": 90, "uvlock": true},
			{"model": "minecraft:block/cherry_stairs_inner1", "y": 90, "uvlock": true},
			{"model": "minecraft:block/cherry_stairs_inner2", "y": 90, "uvlock": true}
		],
		"facing=west,half=bottom,shape=inner_right": [
			{"model": "minecraft:block/cherry_stairs_inner", "y": 180, "uvlock": true},
			{"model": "minecraft:block/cherry_stairs_inner1", "y": 180, "uvlock": true},
			{"model": "minecraft:block/cherry_stairs_inner2", "y": 180, "uvlock": true}
		],
		"facing=west,half=bottom,shape=outer_left": [
			{"model": "minecraft:block/cherry_stairs_outer", "y": 90, "uvlock": true},
			{"model": "minecraft:block/cherry_stairs_outer1", "y": 90, "uvlock": true},
			{"model": "minecraft:block/cherry_stairs_outer2", "y": 90, "uvlock": true}
		],
		"facing=west,half=bottom,shape=outer_right": [
			{"model": "minecraft:block/cherry_stairs_outer", "y": 180, "uvlock": true},
			{"model": "minecraft:block/cherry_stairs_outer1", "y": 180, "uvlock": true},
			{"model": "minecraft:block/cherry_stairs_outer2", "y": 180, "uvlock": true}
		],
		"facing=west,half=bottom,shape=straight": [
			{"model": "minecraft:block/cherry_stairs", "y": 180, "uvlock": true},
			{"model": "minecraft:block/cherry_stairs1", "y": 180, "uvlock": true},
			{"model": "minecraft:block/cherry_stairs2", "y": 180, "uvlock": true}
		],
		"facing=west,half=top,shape=inner_left": [
			{"model": "minecraft:block/cherry_stairs_inner", "x": 180, "y": 180, "uvlock": true},
			{"model": "minecraft:block/cherry_stairs_inner1", "x": 180, "y": 180, "uvlock": true},
			{"model": "minecraft:block/cherry_stairs_inner2", "x": 180, "y": 180, "uvlock": true}
		],
		"facing=west,half=top,shape=inner_right": [
			{"model": "minecraft:block/cherry_stairs_inner", "x": 180, "y": 270, "uvlock": true},
			{"model": "minecraft:block/cherry_stairs_inner1", "x": 180, "y": 270, "uvlock": true},
			{"model": "minecraft:block/cherry_stairs_inner2", "x": 180, "y": 270, "uvlock": true}
		],
		"facing=west,half=top,shape=outer_left": [
			{"model": "minecraft:block/cherry_stairs_outer", "x": 180, "y": 180, "uvlock": true},
			{"model": "minecraft:block/cherry_stairs_outer1", "x": 180, "y": 180, "uvlock": true},
			{"model": "minecraft:block/cherry_stairs_outer2", "x": 180, "y": 180, "uvlock": true}
		],
		"facing=west,half=top,shape=outer_right": [
			{"model": "minecraft:block/cherry_stairs_outer", "x": 180, "y": 270, "uvlock": true},
			{"model": "minecraft:block/cherry_stairs_outer1", "x": 180, "y": 270, "uvlock": true},
			{"model": "minecraft:block/cherry_stairs_outer2", "x": 180, "y": 270, "uvlock": true}
		],
		"facing=west,half=top,shape=straight": [
			{"model": "minecraft:block/cherry_stairs", "x": 180, "y": 180, "uvlock": true},
			{"model": "minecraft:block/cherry_stairs1", "x": 180, "y": 180, "uvlock": true},
			{"model": "minecraft:block/cherry_stairs2", "x": 180, "y": 180, "uvlock": true}
		]
	}
}